{
  "dftE": [
    -0.375997,
    -19.82761,
    -12.360587,
    -14.62802,
    -23.449894,
    -12.215771,
    -13.237538,
    -28.024822,
    -13.605533,
    -18.613367,
    -23.216981,
    -12.350167,
    -15.387426,
    -21.703219,
    -11.509518,
    -14.405545,
    -17.093715,
    -13.351395,
    -9.767466,
    -31.416487,
    -18.312075,
    -17.71203,
    -25.415434,
    -11.148648,
    -18.108009,
    -22.456739,
    -12.412877,
    -13.698653,
    -25.911785,
    -17.680828,
    -12.034764,
    -17.297395,
    -13.160255,
    -10.923206,
    -18.719282,
    -13.978414,
    -15.52428,
    -20.380155,
    -10.597855,
    -12.500584,
    -26.678536,
    -14.918248,
    -15.679945,
    -23.99818,
    -13.900468,
    -16.729947,
    -34.632803,
    -18.228462,
    -18.113802,
    -19.194932,
    -10.660628,
    -10.045389,
    -21.896927,
    -12.783553,
    -13.605051,
    -24.236903,
    -8.801916,
    -18.266496,
    -15.058913,
    -12.877435,
    -10.067498,
    -22.917095,
    -10.939408,
    -14.604745,
    -18.960849,
    -16.053357,
    -10.251723,
    -30.13539,
    -16.965745,
    -15.175571,
    -27.231165,
    -17.368076,
    -16.034202,
    -24.137638,
    -15.31912,
    -12.949345,
    -24.606764,
    -14.513,
    -14.197626,
    -28.800306,
    -12.001304,
    -18.329185,
    -27.212749,
    -16.625817,
    -13.217706,
    -28.80989,
    -15.182634,
    -17.642803,
    -21.296174,
    -13.977304,
    -11.101433,
    -27.573298,
    -15.825842,
    -16.421605,
    -19.693711,
    -11.083433,
    -11.92591,
    -25.436935,
    -13.861904,
    -18.110637,
    -22.11257,
    -10.638895,
    -14.841085,
    -23.962749,
    -10.774121,
    -15.387118,
    -18.317057,
    -10.362259,
    -13.089709,
    -27.348597,
    -11.392574,
    -18.992409,
    -24.753754,
    -13.48136,
    -14.36559,
    -26.445021,
    -15.529722,
    -14.229497,
    -22.434197,
    -13.646502
  ],
  "mlffE": [
    -0.378997,
    -19.82911,
    -12.360587,
    -14.62652,
    -23.446894,
    -12.218771,
    -13.239038,
    -28.024822,
    -13.604033,
    -18.610367,
    -23.219981,
    -12.351667,
    -15.387426,
    -21.701719,
    -11.506518,
    -14.408545,
    -17.095215,
    -13.351395,
    -9.765966,
    -31.413487,
    -18.315075,
    -17.71353,
    -25.415434,
    -11.147148,
    -18.105009,
    -22.459739,
    -12.414377,
    -13.698653,
    -25.910285,
    -17.677828,
    -12.037764,
    -17.298895,
    -13.160255,
    -10.921706,
    -18.716282,
    -13.981414,
    -15.52578,
    -20.380155,
    -10.596355,
    -12.497584,
    -26.681536,
    -14.919748,
    -15.679945,
    -23.99668,
    -13.897468,
    -16.732947,
    -34.634303,
    -18.228462,
    -18.112302,
    -19.191932,
    -10.663628,
    -10.046889,
    -21.896927,
    -12.782053,
    -13.602051,
    -24.239903,
    -8.803416,
    -18.266496,
    -15.057413,
    -12.874435,
    -10.070498,
    -22.918595,
    -10.939408,
    -14.603245,
    -18.957849,
    -16.056357,
    -10.253223,
    -30.13539,
    -16.964245,
    -15.172571,
    -27.234165,
    -17.369576,
    -16.034202,
    -24.136138,
    -15.31612,
    -12.952345,
    -24.608264,
    -14.513,
    -14.196126,
    -28.797306,
    -12.004304,
    -18.330685,
    -27.212749,
    -16.624317,
    -13.214706,
    -28.81289,
    -15.184134,
    -17.642803,
    -21.294674,
    -13.974304,
    -11.104433,
    -27.574798,
    -15.825842,
    -16.420105,
    -19.690711,
    -11.086433,
    -11.92741,
    -25.436935,
    -13.860404,
    -18.107637,
    -22.11557,
    -10.640395,
    -14.841085,
    -23.961249,
    -10.771121,
    -15.390118,
    -18.318557,
    -10.362259,
    -13.088209,
    -27.345597,
    -11.395574,
    -18.993909,
    -24.753754,
    -13.47986,
    -14.36259,
    -26.448021,
    -15.531222,
    -14.229497,
    -22.432697,
    -13.643502
  ],
  "dftF": [
    -11.88568,
    1342.01294,
    -62.31103,
    -1278.06787,
    -2187.27197,
    1153.42969,
    1050.81494,
    1728.93408,
    -684.6441,
    -1025.30151,
    1500.07642,
    -124.73542,
    -1401.31555,
    1731.07239,
    -735.73938,
    -1002.52991,
    -236.34354,
    136.50525,
    103.26731,
    3133.81006,
    -1537.85376,
    -1599.7981,
    302.64697,
    601.84326,
    -895.79944,
    -76.92441,
    -430.63345,
    500.72522,
    -740.99915,
    72.23286,
    664.24695,
    1324.16455,
    -982.16034,
    -325.01358,
    277.12061,
    740.48138,
    -1003.09216,
    1025.47864,
    -612.04602,
    -450.62012,
    -307.65381,
    342.5163,
    -10.40152,
    -179.92691,
    647.20306,
    -505.8071,
    -209.04498,
    -391.01273,
    601.85486,
    847.638,
    -450.8924,
    -349.66553,
    -581.2887,
    340.58298,
    222.66302,
    1843.47107,
    -145.095,
    -1680.8512,
    -1390.86841,
    641.64203,
    768.94519,
    2273.99438,
    -967.698,
    -1303.14233,
    693.79718,
    -1297.22058,
    633.5423,
    504.30252,
    12.39851,
    -517.79156,
    1568.77661,
    -1076.69849,
    -474.02692,
    -319.9137,
    332.9989,
    -7.07748,
    2442.02344,
    -1225.15576,
    -1268.41162,
    -2527.23389,
    798.98407,
    1745.61853,
    1121.33289,
    -205.96411,
    -946.0968,
    2587.42114,
    -1263.17114,
    -1346.3208,
    -1212.52393,
    1244.03564,
    71.1571,
    -451.79144,
    -579.52258,
    1067.39819,
    108.17676,
    -639.03674,
    540.87561,
    -1451.30005,
    1340.64734,
    118.17223,
    -1739.79211,
    1061.67261,
    834.44598,
    -1808.47949,
    1002.86664,
    831.91003,
    346.909,
    -846.54865,
    512.53918,
    480.05664,
    -747.3252,
    245.85077,
    1880.84558,
    -565.50641,
    -1359.89966,
    -1057.60938,
    558.1463,
    505.47089,
    2228.09082,
    -926.73444,
    -1305.37402,
    -1542.02307,
    869.94983,
    660.50195,
    -1323.04956,
    1015.23486,
    300.8378,
    -1405.35388,
    71.23422,
    1355.73987,
    1791.51379,
    -790.22461,
    -1012.5683,
    -179.36707,
    455.43997,
    -353.06934,
    1984.09644,
    -1061.90735,
    -933.17267,
    -1512.91272,
    901.46454,
    612.55157,
    -1263.75146,
    1089.06177,
    152.34421,
    -958.7392,
    -95.68679,
    1059.51538,
    -1338.08069,
    165.49486,
    1187.47241,
    -869.27441,
    196.59222,
    586.46686,
    866.87085,
    -1084.84326,
    226.54985,
    -272.90881,
    -515.37732,
    807.00806,
    -718.33344,
    569.38116,
    72.52527,
    1530.89294,
    -1370.90454,
    -129.90375,
    197.63519,
    254.69446,
    -455.7807,
    -1252.85962,
    922.80249,
    353.95618,
    565.54865,
    -678.2901,
    131.70731
  ],